team,accuracy,f1_score
team1,0.31683168316831684,0.18079647045164288
